Type,Name,Request Count,Failure Count,Median Response Time,Average Response Time,Min Response Time,Max Response Time,Average Content Size,Requests/s,Failures/s,50%,66%,75%,80%,90%,95%,98%,99%,99.9%,99.99%,100%
POST,/v2/pet,1839,0,170.0,287.7122836325705,132.4822000169661,2690.630600001896,424.0,7.9274053428219835,0.0,170,200,230,250,760,940,1100,1400,2700,2700,2700
PUT,/v2/pet,1871,0,180.0,284.75992683056364,133.41660000151023,2677.082200010773,397.0,8.065348230788434,0.0,180,200,230,250,740,940,1100,1400,2400,2700,2700
GET,/v2/pet/findByStatus?status=available,1436,0,56000.0,56955.10005856593,1720.8013000199571,126549.9240999925,1855930.6636490251,6.190187097494491,0.0,56000,68000,78000,83000,94000,101000,108000,112000,126000,127000,127000
POST,/v2/user,1906,0,170.0,275.5862248162453,130.9326000045985,1585.7797999924514,48.0,8.21622326450174,0.0,170,200,220,240,750,920,1100,1200,1600,1600,1600
DELETE,/v2/user/batuselek,1889,938,170.0,282.8623723134278,130.01220001024194,2475.1860999967903,25.67548967707782,8.142941105269562,4.043450903516596,170,200,220,240,730,990,1100,1300,2500,2500,2500
GET,/v2/user/batuselek,1875,925,170.0,286.8369077868294,130.96850001602434,2597.186899976805,107.22666666666667,8.082591091784241,3.9874116052802253,170,200,230,250,760,990,1200,1300,2200,2600,2600
PUT,/v2/user/batuselek,1870,0,170.0,289.0892953472461,130.22669998463243,2785.5964000045788,48.0,8.061037515539482,0.0,170,200,230,260,760,930,1100,1400,2500,2800,2800
,Aggregated,12686,1863,180.0,6699.308130774102,130.01220001024194,126549.9240999925,210237.25011824057,54.685733648199935,8.03086250879682,180,220,330,760,21000,60000,86000,95000,112000,126000,127000
